account_id,acct_least_event
d79aac075930c83c2f1e369a511148fe,1
814d24b3010d2a2b8dce62f2c82d8710,1
7f46c947fb6d99b46df4e2181237e2d0,1
5d5e218a7d30bbbb62f6e87bd7a8115c,1
4672dd201b523a3521522c6f28ae7f5e,1
65152d4a792921ce5042b84266ee327a,1
c027623a96d46bc90aaa8d92d3615987,1
cfa205f0551f01364ca929c84062fb06,1
06358599b7afb2506e063c1ea0a09fbd,1
42299f06ee419aa5d9d07798b56779e2,1
afa4673f3732134e54cb78b677b6c289,1
a0063574ed35de742deddae58ca45243,1
fc0ace5ed8c7ac9338273239ebc64676,1
ef4dab2a0830e58c7cf0ad0dca753789,1
d726227ce94310d84ad49f6b85eb2a0c,1
4d9ddcb789322b0fa18ee7a8d50c4089,1
ad61ab143223efbc24c7d2583be69251,1
57df664a0f6470b9d8c5b5d8fd78019e,1
8fb384d7bcf980d97d62e37d6e4fed47,1
4e21c4e8fdbb4a4f75e55907e62aeecc,1
0a7c9013970cd8dc158824619278814b,1
4a3423d813c5a3b3d5eaa012d6ffbcf5,1
efdc71108e34193a6fd0fbd413660206,1
0c54ae83e1c8dd02701e578f0e96c634,1
632a62fed3e2cdde56ef97e161dc2227,1
186ed3d81ad694215e03ff0be815094d,1
f3dfc3c319fc7568bebcb93ba5e873b5,1
573f7f25b7b1eb79a4ec6ba896debefd,1
58400be2bf434a68f1153580a6515b53,1
8fd647489f12678592421f0c386c74f0,1
1c024aa8db23baec6705e615bcd04077,1
481fe33fff78d8f044a3cb3917358996,1
ac0aba6123bb2f76d1d269dc025e8267,1
80a6bce140ef76320604c34d1d9879ee,1
016bc58874d368c6b70d40001c9f4aee,1
1eff77814e0b3238495a9f07d061703c,1
44608def46ceb303490103044ad0a8cf,1
c37cd637a8a9ff47b1c01c7dbffdab16,1
27312576d67cd55d773a5d413b00b74d,1
6759d0996526ddc8e27aa550f0b806b1,1
651e49c3a0ab506e54cbd510a62336ef,1
24944457a58b8244cd8b0cd77f0e1d0c,1
ec003b9cef2d7c1b7c0504871c445501,1
719a6e5ecb3067f0725a36f477404c5c,1
fac40282782de5ab6fe3cdd4b90a6d88,1
ad3dcb890b18dce719d2a5321621bc05,1
cd68d19bd0265ebfdc326180114e2d80,1
6925a24cf7eb61ae7885ba83bc18d33e,1
b54daf1b0028f1c892d8e3a56261d078,1
8a563489dff3761a5f856d56d8937c95,1
d04384604e376304b3588eeaff8df3cd,1
f608dc5c0c19c1ee0983214602293293,1
4ea0895b21206bbaa7ebf4b543c75860,1
c01bb5a306ff305fccf4e814d8f927d3,1
1082cee624f79676a81323fff3fd20ce,1
8b8dee9272b30188c90195274cdbb91b,1
4068f943d4b2cfe26a9a9b90b1149d8c,1
128040414097b58106303ba954c6ac83,1
0f9509d910365760740d62ce09cfeab4,1
3e8bc70daa73864138c1bb9fd3e08d34,1
1501c2e690dba321cc03859b0bd0b5fb,1
07c3663120059795fdac041755e9c2eb,1
c24b8e3a6e0de4b5181df324c8cbda8e,1
79c9aa275ddd95247256194791e6e93c,1
fb567f305d2c559d77410e28b4b49bf0,1
1190be304d2ba774d70414a15c0b0a5c,1
47fee133464252d6bf8a53b135cadf89,1
bd473fead6bbb43b55af29e3958867b1,1
30b4d2ce3bac389df9c99ecd06f2c4db,1
a9283100ad06971a29f5382f6ab25ea4,1
d9e68a0fca91434ab07e8062d1b48c9d,1
0b80923c383445d4db1e5fa4f85a9e9d,1
533b5d3ed8ef50cdfbb0c2a25f80e926,1
8f5247ddf85b6de88c28032622b7ad00,1
0fecfaef8d402548c13036db2f2ad409,1
70558f417d6b0298e0b0ed662ef4d77b,1
45dc0fb4853660c0fe35b5c16b32901e,1
a9773b3b23f4141ad0f9a78c9f99666e,1
0f452f2b90d802fb4288b8fd22baf095,1
a7d3c435f73860695422c32d4550ae33,1
d80fe4fe5b205a6fbc858794dcadc416,1
d51280f0cc2f3d01062e1081a5126b66,1
daf94f1c25809886095022d124aaf1fa,1
2b36a38ffccfa2cdb939b2401874f143,1
c083a933a3a4dea687beae510f777418,1
f55ad41d03ec3ed1a89d0d3a1cdbceb9,1
3b9b96f841b2164200a6ec9871e77b77,1
01954b2c28b4e3d277a39d5dd292d2f4,1
ec3c4acf6063ed83866f161f8c5c5c30,1
5c5c993f102061ea7fa967a76bb82ef7,1
e17862688a2076fc3f30ca53b620607e,1
bbb314367a7d53fb0fffa45cf8ea550e,1
f1b7261da13f7ffd136b6e54291a8e4c,1
8f8b45848a9298a8136d6b8f1ed71d83,1
ceef5fc6dbb935699cfe4fa59451efc1,1
28a416fcfc17063eb9c4f9bb1a1f5cda,1
ed2af1dda82540e75d796d8e17ddf538,1
5ef893a3104ab0cc85519a2ad3fec050,1
be801aa72a6371b1a5c3e714d71e0809,1
2d47590acf517f56ccf2bdbb83ddbebb,1
bf13848f7f02f488b2e12e009a8b0df3,1
db3bf6baee4e1780138451a16cd168d0,1
dbc50898cf582dfebd6d7adf4eaf9eb6,1
8f822ac814829da24a7065b8131bdf47,1
9d6539131887866735d0a962ffcbc34c,1
c0101fbeb52b71ff1d2de15173b5820d,1
b818f22ec5fe8a31b25d0b2f8aa397f8,1
cd8c24a594cc8363d24a173e23f614c2,1
1ed27f9b1d793e20e86204b64f40c920,1
16cc45c73218cf36f04af8b09c7b5321,1
3cf166c6b73f030b4f67eeaeba301103,1
eb2a4af4df682ad39d2a3901df023a9a,1
f1ba1f01c5bc0f2f724f6ba7d5754378,1
1c452084ae38e7ddf5a0feb1a8c9b584,1
e275193bc089e9b3ca1aeef3c44be496,1
c2891c418044ef09b39fc00c3ba799c4,1
3ab10757ea442b52513c232d2478a2d6,1
1c2ed0b2cbb2020d1ec2ef412b6b2aee,1
8e3c96202ebf3cd545c5ce25d82be663,1
aa5d1b9f0b96b4a44b6af4bbac4fe1b3,1
24929c1e9c4dc5de16fc10c057568802,1
414993dd850f6af49b3c51a26206aca3,1
8d8c6d74afe4612aabb1109a9a4ce1b9,1
f03cfa6656e15c22c987ceb9b408ea93,1
21c1f9ec2efafedf9e2bd429875471c0,1
a772ef5c0cd4d2cae40d3296f35520d7,1
0e6cb1ba8c3fd2f7251997032a2a2431,1
48e0c60017b7bae36639f50ce1824a31,1
2a236b16a4f03809da7102897d0855dc,1
e34daaa05a24290195f7e3a747d02663,1
6cfe046be87149673edf4ec498db67c3,1
51fefb07a29923a0ebe39eca369cc6b2,1
121f1298159e23961cfc4b05f96bfcdf,1
3acd3723a3b4ab8ed1a34271af8e94fa,1
d931949674d6d81046ae41c0ddc1fce3,1
d1dc0525f544de28d3695c74c2441274,1
2879dc3bc5087bd5eea33c7cd75ea1c8,1
dd9d66c6e3a13d9b3d82ff5d66b69b48,1
b89316f042b16734bc1b9da2d58ce8b3,1
6d10f370a56e9ca6aa1895a93617cc67,1
1e0a2a7a043b4b8ed552433fabf9cdfe,1
5b6de7f397814d63adebf284d9ce4083,1
bcebe34a7f47c00e98d7ea5c844ba2ee,1
a4ea766192f675ea91385fc5719e1ad5,1
65d33b6ee6d694eb1c2c818f4775d881,1
e762fc6ea6f58248cedceb99f7120338,1
4d2ab65ad7b9027f971d597072d02be2,1
0e7cbffebf3175b2eacbf5e2a8265256,1
319b4401f81f42d06aec44e1fd6edd9a,1
6b1cdafd391c1b0f4cd5ffcdc9a59733,1
7fa6dc5cb2984c677ca7c8ce1a5ca5f9,1
951cb7fcf08241d659513d4e84acdfaa,1
39f27e4db22380ccb06bb5a3b613849b,1
bb56e5cab765b2fe94bb9dd8ec5a7fcc,1
bde50139bb51a4d37c1b5a5554f54f5e,1
7c25b2a7d7b22fef2412fdb3560b3214,1
e92d74ccacdc984afa0c517ad0d557a6,1
5e3b469c706fc8685075b05ffa463204,1
724178dc2829637ae9192eae54cef034,1
1ad055ddc33f10f2faabad393c3eef53,1
1305f6c705349316360c3ccfe7cfe847,1
f297d2cd6ab9b220041599bff90449c3,1
ba24f27d46afc34cbf7ad7b96ec75383,1
697662ce125b48ee46c53d38224c2669,1
7704b8bfd0ee62325b47c1091f5ec969,1
90eaaf39afa3eb27858eaa4acd273418,1
99ac07d6408638dba4586e84ae327859,1
ef52e6a41ed2a6f48cd33ef3064dbe38,1
9015c3a20323f1bd43697141ef971d5b,1
d7c603d749620911ae33948d0d688b6a,1
8db1625bead0f643f7f7913edc2a8434,1
1aaa2a2a24d1131eb0628091a5e9bd51,1
b6d1486dad075d5b6b4fe878d22021b7,1
01cacd8c1168e53ee3841753935d20ee,1
f9edcf222e663597e34aba8e95ecf99a,1
4f1831a452c709bff7d289666f2aece5,1
219ece62fae865562d4510ea501cf349,1
75973fcd3aa7afefc4d09669136147d6,1
b60952947d1d686f2747c85208f1acd3,1
65d9650b7b1138dd75dd0d30ba72855c,1
badfd5d98b88d0d2fa5d3212eb0ca400,1
8c6bafc14e31c8b3ebc48c9c497ff43e,1
507634d3269c07b4d70e451fc333209c,1
0daf7c623cefa5b2d29e031eee205107,1
a9b2c71b145ccfa6b935a4e89da2a1fe,1
b8478f82865a55003bcb4a7481b87ad3,1
de3186447ae3ab71e830fb1ead5ad004,1
92da059a7efe79130b4d5b5d75d27ac0,1
6c8a69455ed2470defed6d96bc78bf08,1
276fb19ae9a5c3f1140216c62cd2f523,1
138c47661e9396a89b5af1c48c06effc,1
4918de9408720048caf4862a8387367e,1
7125b0b5a31c7854a480175580d2832c,1
a5940b1b23a3fe10fb037b64e41f6b51,1
538a50fb36b97123adc3627cbdb223bf,1
9cf47de50dddf986b650a87b6a9acfc7,1
7467fc45e24ec8d8b9023385c2a6066d,1
293c3b96edea6588bc4b9415c3be4e66,1
3b7802b2ba382f290bd904c905994ba7,1
3b13997f4bb60df3d1444e947db7caa0,1
322039b3169732392a7401052b3234f5,1
c54e2a3c446b52ef107a207332689fcf,1
48a47fbbca675a38cae20448e07e8e8c,1
a8f78969b5b67115b6c36e419b228432,1
1e6e0a04d20f50967c64dac2d639a577,1
768e95340e087fa59f2d5df0909e22b2,1
9033216f52d459e3af92bcaa3f33d17b,1
bdb0afe368550873076ba80139458abe,1
3606e4b60e2dd447a94a87e8e9bc52cb,1
92d6792d352b5ec465b44b060305b1c2,1
46bd786382a8a25b9d98aaf74bf01246,1
e61536eaa37795bf0d513f3c89611bca,1
f5f5a20cbe654d89588501bb7aee0a46,1
70c2603e8a23e74fa3ac4f9fb93c7740,1
d11c7c09a02743ff31067f86ad0cc301,1
9312033d414f5f1209fa6d7ec05f47e1,1
9c7cbc5aa586a7ebce7ea6cdb92483e8,1
3d7f3245e1ca0ec34988431e3f36e529,1
85e3e7cba14604d4e588525f6b810ce6,1
68326463e69c4f217cd8ddbfb63c692e,1
da1d77d2bd724da19e11587e7a9601eb,1
e097d4e4eaa7c54dd91e0c7d1e518492,1
633c3076af04761cacb4b9d1150faa70,1
d442cf370b44a41a153eba48d1e5f234,1
2a2717956118b4d223ceca17ce3865e2,1
ceafbd0f55df0d7ca645679840e43bac,1
faa89c84f7a68da94f13e06423072f8e,1
d779c6aad4597f375dcdb7b75895aa56,1
ef2cd4d8b93479c20e0f09097b7f0913,1
dfb6a86c2d30b101e9f43d2bfd1ac25d,1
8cb499b0360ff802d1b744d303b2aee9,1
f8f38862b076bba88e78cd6f8ff64749,1
71d8d58a0b2feb6047ebec4b18b3fac5,1
cd2ba6e0df0bd15cc33dd93b91e4fd02,1
9898c631f2d747e30eddb0740c42c003,1
7ed076710105d78414b882646cad91b7,1
e76974dbf0a2eae2f5dee27cd5d31232,1
e2da100825a13b64705484cfee7a664c,1
1592fe9869170b0317d1a3690e96f698,1
4a5ba153246b02f6f46e60aff88bb095,1
bca205ea461b9b5aab391cdbbbe8360a,1
cd7678abe76fe8fa262d101dfcba3196,1
c703e251fdbe87cdf27d5a7d5fbd85eb,1
afd90d1ac2f063616f94f19813dad897,1
f46ca1fe45dd2e36ffb63a83ff6972f8,1
76f270c23d23eebc6496935233344c03,1
c91741b42902dc47dd2e88b378e8efda,1
264f945efb6b622f13272130a9dfcbe0,1
f8d9319d7be6da7462984b77fc3ec251,1
c5ccc8d660132af0b9ca89b1096d51fb,1
b6b2a8a99c98a0cab1552ae46e58bc55,1
d45959550312221e15fde04690b18acd,1
b2413973767ffba4305bec81bb72003b,1
732dece422610d96382b98a602a1cee1,1
ce3548c982ddd34b62f32bf7060c47b0,1
3afab5003d1972f43abfd759e5b0c20d,1
deb4cde9b2614df85cd3621ab3436141,1
6925db37b1251b9b8d096a46faadccaf,1
e5007be2f4bd31c6a62b5548666c5a20,1
527bf9aab6ed58084dc0f026ab7a82cf,1
dd9bf80e61f0599cdbc279d4cfc18697,1
f2b3e1ecee89c491d1d1aab750075b3d,1
45a5a1570569f6c0281733b8c8dc6051,1
f5688d532d2d4f39c9bcaec1fb23a527,1
0f82d647b9bebee7021e23e992ab0868,1
45f2980c5e2041ed391298baceea70e6,1
a346c7c976004007aab047efc03bf11b,1
298428f9a936dd02850a08f78941240b,1
da883a9a9374716cc69935598b7e4d16,1
8d137bccaac171952a7489c44c4932dc,1
0b081776bae790b4ee7c059c23b96b3a,1
ddd2074634552a303894df8ef953f5e1,1
af8e600dc7b9d186560061e3e73cbe57,1
7ec49d235b3b7457aa6625a77f3d38d8,1
d543a01140765c540d4243b8d9a06c3a,1
d854153703737f5a5b017309d101694a,1
b61cae772e1ccf4a3363fb38bedc4620,1
8cc0225cb9ed2421038a1325a46c562a,1
ae9d055ef143d067326ad9b858754214,1
431de1cda0259109cd9aa7f18bc9b915,1
c8bf0ea8c7958f88c30697119c8e6f0e,1
4942d5cf1f14e94afa9aaf45dee2b9db,1
f30f224f1a61462305b7c1040e32676a,1
886bbcc95955014df81ae6f6876d261c,1
a8b939a3801b7ec6b3d89fe455e002c2,1
6d0f846348a856321729a2f36734d1a7,1
de680b2a19ca196c0b15309896e895fe,1
5241bd22aa416887209427f7d19953cb,1
0d6b1b671b63ec7321b41b368d8cc724,1
ce40ebc4bf6ce72ba56f6aded19866f0,1
8f377e4f8b443185aa9feed6057d192b,1
a6857bb1eaec8639ced595af84e2e9e3,1
4c5bb5db22d3efbc870cf2c9583d4582,1
18050a11c7a59a6949c2f1ebd277c9fe,1
da27d51c6cf1872b5d8089dfe221c35a,1
6829e25e3d3c2bf3837932bce42eeb7f,1
07b9c6ffa851c0eaf65d9392fce43c26,1
e8554901208adff9be6240ad28ba4451,1
1bafa436c0932f2a26b5ca5d8b326ea4,1
9d9d2c1b0b2e1913acbe297d33338c9c,1
cf2fa6601514faa744dfe03db5c80fb1,1
aeca6f6db3693e36434b38af6e683b9a,1
6cec44bb600696fce0faa1894971eec4,1
0fb7dca42273632de05e1c8bdabcd746,1
c50dd669ae83e0d8aece8f9120321754,1
41f860e3b7f548abc1f8b812059137bf,1
bc2facbea2c334434d6c65ebe0a1c702,1
201eb543efd190db090743d54e880771,1
f1f9db032bd3f90dd6121a3c0dd44a69,1
a928db5cddc8b58faecfd3e8ccaaff99,1
a992995ef4f0439b258f2360dbb85511,1
06ebd39ae670d1098cdfbe5c5a33d839,1
3b0fae64e83c93da967ea3edfe365e12,1
4d155120a29dab68b8c97b6260fa1270,1
77c67132097f9b1ff028aed0eca8d21b,1
001cd3eef5a8c8c9134e5f0b14b78716,1
276c9b1e686d9507db47d875686b753b,1
e5658f3c245ded49883a85c4057876d6,1
3c355dd26b933ea7f7b5ff13679c0fce,1
fa8a2d008c50ad7982eda73853de73e5,1
20a15aa85d5e2237d219dc9b0d1b1f67,1
32d4e4de7ee0f0ba4409abbda41c32ee,1
234d2c5f2ccf1312adc77367cbf46b37,1
047bb8f6a31069726458fc534ba648f7,1
47a281f0c965489ecfb83bc698646538,1
dd06370059d8757fad7fe46d809d9ce6,1
18e2b98b3f06fbc4d63147b8a3085449,1
e9de1d7c9394095e7aaad0033779ea52,1
0e8813740ab6dce6f21544f910b302a9,1
c1463163cb96906bedb23845abf81ea2,1
54ba329c7cf69f8cc79445f2cacd2dff,1
72e8b7811c85c0cf94dfea3c1cc5dc60,1
60e389d4f8c42364041fe1b912038fa2,1
d01ae29d5449df16318aa3760c9665b3,1
d1d3e6fce3fe773bb0adda02543d83a3,1
72cadfdc18e50bd2fc61b21fb4fb3be7,1
84f13ce0172f5bac3128cd25810a9b5b,1
94b3ddb46e37778921b91d434fbbd21d,1
4fd5a0fcb8a3dafb72069d69e233bd7c,1
f964f0686d11d98f0bb1b1bc9907ea2a,1
19c2dc50f6ccd7e464f1a710b1356ae4,1
3aac16ac90d8bbdedcb4d6cd2018277c,1
81ff28f4a7ddb9a278f23957c389c3bb,1
257a8f38f91ec7627bb5f87fb24ac542,1
cbe0563cbceb0b983e568c7d3aa6cee5,1
67d63d6bcd9d6fcfd7d8cfb7699e94f4,1
9a475f31c6363a424fa0677a3670f77b,1
cb5ea050effd8054150dea3aec715357,1
8128c9785ba8e35dece2a0b6e5ce16ac,1
d3462081a20c1fca0d2b58e5fce79a52,1
a3d241eee8140eda371386d5316fe4c8,1
18ebf62be6bbe7dfdd5b5e7490d6ee64,1
2fd96fcc4a9ecc7246d7b664cf4a7ee0,1
bf31617e1f3bacac163ef596ea67c411,1
ede0066b334ed7d241a4a4394854702f,1
620c63ff6a6ec3213b7babc8f5493bd2,1
de13900036d092edc37a217d406f143e,1
3215eaa6a0cfff11f0023f12264ed032,1
f690e47c988755b5be27ef0834532213,1
da76a139e14420e399023ce57e635885,1
574cfbd8edc377f3b21e04836e4ab4ab,1
62c05bc4cbf85b78070a3d6737450736,1
ea29dce55de273dbc9ea82618e5dea44,1
5f420eb30e2c5353be58952c969965fd,1
2c5738474bf8763bba54b9c19cfcd9dc,1
da353eafc96258ca147cc2dad2698a4d,1
2a73ed1e2bae2403ea3b3e9b5eb86ed6,1
f7eb41294abbe2078d74593a0a16951e,1
a0383756a97539fe0da1fa57a2b0c16e,1
775d4c75fb4c019a015d73838e690cf8,1
cc536ef637ce869c3d8b7c7a80b7c5d1,1
33341b8dffe622c0c7bcdd9783f08f41,1
aba66801efd72e3de1341aa6509cf62c,1
b4f5a8c5106e6f6d2be31d648b39da7b,1
e6a3aef57b2fa5d651d69b8f130c0c95,1
341be7d92c1586c89bbde162d0419d62,1
cf05982e2765f077214f85cf893568c7,1
13c1ae44c959d2b16e9676f8eb45dd3e,1
928aaa2ba0974ca32207ea9973ae7190,1
b8a49838af7fbe9de5f1c8fa1a99ee69,1
6ce03cdd8574e2ae0fdbe1f9fd7528ae,1
9017a8c26d923cdc351869e40dd5e4bd,1
d715978fcc0396b4d67d7ef9a0edf1f9,1
23f5ffc777f3aa10539fd2de6ac7d825,1
37d19fe374f50b9b651e147a12f36e0a,1
bc5787c3784d39729b4d950eb5143cd2,1
ebbaef13f5d6d75822fc8a2230f64f87,1
8aadbe4746736ae36783368a70616874,1
ff93f563f0de2674c99e590f7b4dfe38,1
29d461cc57d60f35b88abc5f98c570d2,1
6dad0dd0403021f913ca106777c503d2,1
23d62232148bc9b2e8648c4a48283b8d,1
e24553f31e54c1087b6020fc5b277e76,1
2dede69cf2890dbaf40a43169011282b,1
ca0cc0126fcc0d34f160469d927c04d2,1
14db62200d8bf46551aa214accafe1df,1
854f2515de779af9ffcca768eeae22f6,1
f54ea2e2aae543c210e2ade400411f4d,1
898b7244a34ec7b7b6bed5f92f7d0077,1
8fe8b1a271feba2ac9af3584caddbf89,1
41f1105d49ba928f50171bccbebccd0f,1
da0d2b5637c8d18c798ab3bd0dad3b29,1
7933973198abad4d20b929b1a0738408,1
4f35eb21a874ac85d7f312dfb1bd191b,1
53813969b15347b319098bf817221e23,1
d47c0bde46f38b1a811598e991307f4f,1
17eaaaab73e1f5d63807030fb6e3e155,1
c6ba1fec27bb74afa518d900b856849d,1
184ed8d252c5b232ccef78c4c23eb324,1
b71e91c37579cb20e5da48d8880b9c80,1
ebce60fae6c31659288811e9ccf0b47c,1
053e9854c17f503c1165dc1333e95e48,1
93c78eb27b75354e26ebe879e18c8a93,1
5fad123314360923d8cb95fa0f25ccec,1
4fa52c11bebdeaa4bdaca3888a0640d4,1
c7cc740efd257af3b34e39a6ea7ceec4,1
97679cc43521ccd083290de349a3c8a5,1
6835aa5842f0e4afee8c1d3146f74267,1
c776c8c3a24dd241ef366130903368cd,1
0044deeec43ded19b952125079eb1781,1
eef2c1dbd576dc72f8da7a40ba62eacd,1
674e4eed9a95fddfeee4b34dfd544edb,1
6181ed2732720df50f364770c5a0acbc,1
04bbb07b1057b09d04209991f3eadd8f,1
7eb4a72a8e3535e14bc4e8d374ad7c5f,1
e0f167b2d01046ab17c258f2dec00a3b,1
e537397a98fa4a26f86bdc5cc17cef90,1
42f6ecbd9e7dd22e079c625ee2aca4ba,1
dd7a45d3274cd4a651aa3cf9302a9aa6,1
51e649c5c49fd69347fe79cbe566cc69,1
407cf7c558103f3f15ac291c325f79df,1
dc8c7655525ba191932a5c8f5024384f,1
3ea811c56c466d9d429a821f6b022416,1
b66a88fda29fe547dfd323335fac0230,1
9e59824c8bc9bf67ee183a4ebd6cfd4d,1
331eb244af5e739f4de6f840670d3d34,1
d9e834c333498cfdfc276179353ea600,1
1511daaf930dcda8579a3862aacf0e68,1
3ba9ac6a68c5e274ea7186868daf8556,1
8460637fc1f901bbf7aef374050e836d,1
ed660a67f5d20b933783de313c445dc2,1
98a3c516ebf379ed05f0fb2d9df2be6b,1
c35bc9eaa4a930e006ab98bf3ef90408,1
2f64d63725582ad3095b472fdfbce0d5,1
25af3995f8348ba6032b3be17effafef,1
838771f8c5de5958ec1cabf2012a4d4c,1
d4a718b9233977d986eddd77fef3a5a9,1
07c00aa368fbdfd3f383ba2d2408bdbb,1
fc0a3f0bf06b8f113656f486708a193a,1
c813f88226d5fea83756fc0f32572e85,1
c5edd90f2be3f63e8e45fbc32a68cbea,1
775abb030074924175d6961d06d8a721,1
79e6f7b021b346c1f74e77c050050003,1
911391e62c8e78969358f3e292d5dd59,1
aebdba74a8e8e3e33e65d284fab6cd88,1
ede26d9eb634d05817aad16cc366e0c8,1
ddaed1588627100655b2f9b7b5262f8d,1
0fd0a74da49bad69a1a5951fd2e90364,1
882c920a157abf020705a45788ba568f,1
2d278c32d67efc370eafce78aedb5691,1
38327243e0fd31e26f37e766db8da881,1
58f3b822bbb62f65cf9cc4d038668df0,1
52428f2bb0d42dca9028cb27eb1328e3,1
ebf76e46861b56dd51ff430e1308b95c,1
6de84886ce2cabe7e02376239a23387b,1
61c2bdccde74c93ef80c2f0077c07d77,1
c7cb59281e45f49b3c104bb2a4626a76,1
5be6962e54da49aabbbe9d45c9cf7b19,1
98085733e3f1918eecd42c13d6aaf460,1
4a99fde5f72e4402a6e725c2ef306a60,1
4662efebaa2ef1b42bb1097a941393ef,1
cedebb6e872f539bef8c3f919874e9d7,1
b468de91da090ba8e24cf5456d07f0b1,1
f53f9ba37b59ce9c9f3b7dc8803e2a74,1
ef2128a69306687b296f07986b7d1cee,1
d39ca7455f17e644a235e511fff67710,1
ea2061c301d3fa8809a97d6caf28d805,1
d75b42544ea7bde39ebe548ac34075d6,1
1383e696e2f900aacc5340f8a495add5,1
a89d1161d310a2758ff42625ad21790e,1
101e1d352ad53f1befa39af42d27687a,1
03fcff71d20c4656c44d15058203b242,1
7eb8ada8cc96ab7ac1fa7dc6482c0a38,1
898aa5373689a55e126c8b12b2776707,1
0f9f7619f1d47b50a8bd295897216141,1
13fd4b139fd2a71f8d352edab6b4fdd6,1
2859051379cb205557e31f9cf99af559,1
69f9b3ea3ca2b657a8236053e4482b5c,1
7c7fd47ae32ddfec851ea4c6838fdc58,1
135781112da49675bbf837615b1ac977,1
cc8da6a6c628640df3ed205e25508b36,1
afa9f0c907dc72037c649260fda82d50,1
86b952e9f75f813f3bf14503138ef30b,1
6748df08dd478426458ff7ffb3030a9c,1
6ba0bf4c0fe33816952cd589611c4dbc,1
f18224a1adfb7b3dbff668c9b655a35a,1
fa7176bcafdf87cb26ad3e0a26840f65,1
d84baaa70a252bc91bb2349cd9e8b231,1
52eaf0d000dd9b3ad510423ec0da67a9,1
2ef2abf5ff377f9ce8566b5f6e5b7003,1
7507cfe36159702b66da24ed49cbc40a,1
e41e164f7485ec4a28741a2d0ea41c74,1
c9a4440b93f114ff4525f409df868310,1
99e71865a8531658d3eb31c17119b66e,1
6d4ae706a48d71fc919ea0b06280eb38,1
512c855abd9a511759692229538ee284,1
6aacaa8376d605f90c36c6696dc8194b,1
a827c8955bcaf2cb9c7e451161ece13b,1
ada4a520cd49dc9504b6aec0b4f602a5,1
d58072be2820e8682c0a27c0518e805e,1
c94efeab8ea30e44d578fa0d853c5ddb,1
a5d6eedcdb1f923e7aed5242636660ce,1
bcba7f1d0242b9c7eea37a2b88212573,1
92803c00cd259a8cf6f138ba33f7c5a0,1
58661be7f4d35e5308031c7e97141735,1
26fef4f9ee2964cb10e0672f3a84d041,1
d3afead9f241f50bda41a13b0056f723,1
82796ca03e3b13a9c7968f328fa1283d,1
56a79fff839228819e19fba31092a2bb,1
dc6bd68d2bf82ec28dec379e9a57ab68,1
2e16c89f652fa1e837292bf653b5354f,1
49894e16b389d0c705af7cee0896ad88,1
36d1096ea412bee4a78629b5aecc18f6,1
1fb2a1c37b18aa4611c3949d6148d0f8,1
9669f927f7ef3c4f7e3e40bb49903778,1
6b7b0e7427a89f086c859af907069e57,1
fc3febfb7a1fe2c60193eea8a570e43f,1
43fedfad50316b1fca5c750e6fc541aa,1
f03cc1b4f7e64f389e26e821084e54a9,1
e5d7ae8c3cc79573e22d3ab10ee8a706,1
9f011f8fe8015d4fc04c0737f53b1529,1
e931e2ddeb25af00fd1d442ec452c7da,1
12df1ac39c8383a670106d611f389f65,1
7f7fdb7ff1d718d4c779b78b418fb16f,1
27b6a69187a30dbd6eaa8a7efa7e760d,1
8380d21dcbd0c7b3010804f3e2b1fd2c,1
bf0f6ca5133a09c96e9c5f1c37e71148,1
984a8710e96d3210d30c185060159555,1
1e41c06a41fdbfcb53db9d4d04e9aa6c,1
43925104ec93d0afb232eff1d5bb9c1c,1
4b9bb70e705d1b2979ecd9446b1ddbae,1
afc063ca2a6a71842d772a0b6148698e,1
5b2905469ee119c28a5b528c5fbc9056,1
237d5fed65ae92cf36a3920db2c3b256,1
f6ad65e90da9b8ea11c96ebcc9639e41,1
c42e7a3da04173808d29cf035ff2f232,1
cfa932116e1a833196044a79151ccba3,1
14d30bdfcee053efb360d86ba44f6904,1
5303524a1be5cdca969e20a0cd6cc187,1
e2dbb0b1c2c35fce380831d90d6f50a0,1
6b210b25b3bea1cff8a217e68dc79bd3,1
d1b193bf81f53d8de97f9c90772d3219,1
012d9fe15b2493f21902cd55603382ec,1
222d31b02ba4b02e272c493d4a3d8b0a,1
aa5bc34d6bd5933dd73ae2251bff88e8,1
d2f02a4695006db69e91b34766597829,1
68eeeebf46469753bf8e3353d7c0b99a,1
cef03709786acbedd602e6d5f11762ad,1
0b80df0fbd16195616fec0f2704c5a79,1
1d2649f4224bb31763f9f6122a884e0a,1
4648a0070504b18e3471fb3d29ee6df8,1
6c93a267a1159c2d2b31656b44e5a677,1
f25f1035b41b662c65e2d5f4fe9fe1b9,1
22fb29f06fdb7af4fb81bf14a65ef4ed,1
44a237c4097b7785fbba8772361d2229,1
2bdb9dee2264915a319e7316dfbc0de6,1
47f2f1dfc87f496d76890a75797b89d8,1
39ba1389e2930ff24e3101741c9009ea,1
360136214356045a328d50619083ac42,1
8c44336712fd25058346c7d2f497527d,1
279a471021f956dfb890e1c5177cf1af,1
9753b4e132146a08e925d146e3602204,1
dc57a3a14c7eb44096583fef5a566d8f,1
41c7d3b021248277d2a209f687ac0faf,1
896daae8e3ebba77aeb5b7d85454ba2a,1
15fb11f19681f011a64866f80e36df15,1
17737832ac17be5216f187a82c20936e,1
2ebfc39e60fe671060e3e9f4e25cb4ff,1
383b440962aa48e9b4bb8b51701bb76e,1
a62e8d4ddf11d32a53474728e494ad10,1
1f7b8cd715625aa330acc3902bff2df9,1
4582a2224c97cae49d6733fdeff21c4d,1
0c1e35c59823910dbfca717fc02096e7,1
2ba8824accd2cc99665a004422352fbe,1
0d7c4c62f923a1527f1e9e5bb30e5d60,1
0fc3be7ce9d0779fdae7af4f9d911f6b,1
8b10a9280bd46b8874af9b5cadec91d5,1
6f727d1ea6d6524e7e2d6ddc5fa88bd5,1
3df497c33d063bdab6bcdcc7c8b6c380,1
f2afe8495ee9fa7124641b4ee2c34f82,1
2b03437c82712f2b4b5e813a9a74bb6c,1
f410681d826007fcee0986f89e15e02e,1
e449b1fce940a469866974beb0bdf2cd,1
88808814101dbb5bb7661ad186de32c8,1
b4cd91b753d7674901350a4d6554fc65,1
fb87582825f9d28a8d42c5e5e5e8b23d,1
f74569f9c9dc78d82b236fd0f80fd7a0,1
a692993d186a08a8ac16edf22edf706d,1
edc4f8e4255fe47bede91eadb3fbcb15,1
1bf0c59238dd24a7f09a889483a50e8f,1
a2f69d7b8f4336fbc756246c8ab1d57f,1
712c88e0aeb885c796084815429824f8,1
968d84c55299f329ded4356ea90a4fc4,1
09c1c82fdc44c87e4425de3262a406a9,1
00fabb5e8f868d1744efba30a724d8e4,1
8616b2c8ac169eb4a18e6f14d8a7a9dd,1
ab79ac97a14c32f3eb475e84ec7af62d,1
f9b02b58e0c360dc89b4edbbc03a2503,1
12bd3127ca47fc06b2aabc12f794df98,1
43460ad10a789231b34cea114872aaa6,1
f0e9d25308601f994d3346e517c0ac0c,1
86e30e79c8743432f43bd5ece0d2a8b9,1
1fdc0ee9d95c71d73df82ac8f0721459,1
36e4099760d6573f6f9844ab42de525c,1
152beed78711cb3ad8ed7cd129706228,1
a9301becd307a1e798b6aee80afc7a4a,1
d15c4cd564a4a1f7597a3619ad96614d,1
2e91e371fe03118fc2a49e4c7e9b4129,1
7be1e83f80e1fda60c6817f7acfa75bd,1
f0fcf351df4eb6786e9bb6fc4e2dee02,1
9006ec1cf1750a2b27317fc50c7d2666,1
6871a81d9f7686f98b24ecd4e5917085,1
dfc5348d4cf2073a9e7249c6fdf63788,1
0a5ea068891f259bf53c9f58ca8ea0e8,1
d6525aa8638c1d8d4da535fbb1a5fc80,1
87fb32fb242af5013ddb146dc4c514bb,1
3a23ab5b0e8400da76acf29fc58b00f1,1
7dc75483c8b2ace7420712262f0b6303,1
30c2c386f4e214e5fbdbbed6d822787d,1
a6a7a8ec4d2b6a4885a790fa76176ec3,1
2c7f9ccb5a39073e24babc3a4cb45e60,1
62a423fc8a8f219444aaa6934661139a,1
0aed23da2775d1ffec4e951b99f3cca8,1
a140d8e6b1b0c780b5b1a038dd6d5806,1
2a381583ddec771d82aa380f2eaea3f5,1
ebd037ce0207633bc33287b3da90f2de,1
ccc218ce41526975ed090c13ea859a12,1
f79e03ad090e1c3649d62e0bc82c99ae,1
1455cc535553ceef0b94e58da9abfd52,1
e9bbcc76e4c32d0a1276efc5e6c1d6c8,1
7e34d18d140e5fa1143058c62d8fcd9e,1
466bfc1ad7393bd0384c6dee725aee64,1
70d374cb854e5abdb1ca828c17d38a39,1
ef9a83838d29cd05b2d95679bd498754,1
a0c47963e8c4945efc74da227f8c1d0d,1
bb3f87dd347b3921ba37ff580750ea81,1
ceed1cbc6393b9697673f98689462647,1
3fc6ae40bfc04ae4123761055e639bc2,1
0a49c24f33ecb787dee98bf555e239cd,1
baffbedecef216f48f2c41b21d49eff5,1
1cae2296662b539d71ad5c7872971dcf,1
40f7d1cb3c3f21d36c37b4d318e6e059,1
c8cdf5ac9edfb1276877495740987a87,1
d59ef67657f22ae77246d592fe4f6d7b,1
ca03d27edadf2a0229e550f25e4c3330,1
ec10152174e0abdd4e534cc0f7e01c05,1
7ae5f37a98b5fa70f0c285d071734e47,1
515570444fc77cafa81982e66e5de022,1
a296f8dd1ca5786cadaefff4d03d356d,1
dd64e8f25b1bd1b9571f66f4b586a358,1
af8acb1abc9652493eda8b664dcba21a,1
106f29d413329d33b93373fea89c3192,1
397b0018ee24cc33089b311bf023cb10,1
654e786215014de45860ce7c14bbef28,1
bd3fdef7aa5ae04ee5a825435e863ec7,1
5f93a453145deaafa6bb4473d4d986d2,1
fb2a6046bd795f06d5772318f033f69a,1
c3be96e4c1713e3a5871ba564b00e991,1
9ecaacb6264dd0c34f583f218b0757c2,1
d74d8ebd8e43aebb81793f9033126367,1
aaf408de4bfd36cf60ccc8ba61a99ace,1
f9f09436a085444feae2bd9aa4a7a827,1
3a6db429b8f4b317fbffa67c57443ad8,1
bbc299f07ff4843ec63e80bd19ce6d48,1
8c46f44effc2b9a4e4c9a3a955b39daf,1
97e2f36720687a583888f991f3f02b1a,1
671b4ba93cbd9f31be04b28d2278b987,1
b0ad671de42cc7696b5e9d369c9c95f9,1
a6048d1b9c95215f08f9e7fa350e12d5,1
e032cf98bf49f9572e0d7dcdaa74da6f,1
a82f4f31b076edb9a9ff15b7aaa1674e,1
0c94f34f6c2f2b4a74c55239313625e1,1
95bb9c61d47c0d602295b70af6d4b990,1
28adb13c5cd24e473611c45729cfd0a9,1
9f3e6c2b6cbc92bb357aa8139a43ea93,1
f5eba02283769e0f608d6510e240a437,1
fc7d5b5b0e3a47236ebced3c6ded53c4,1
1203008ef8eebf56482f6251c1d9f57c,1
d54ce9de9df77c579775a7b6b1a4bdc0,1
6a128395deaf7764632d74dcffa9af61,1
5125ad2b58405bb877649bbea104f866,1
487e001ea9e51221cfdfe7a50b886abc,1
bab09575721cf03defde8e3421cfb18c,1
c9c2fe7f430c9fa16fdb56caa39b44fc,1
040273378727eae2b4a74f1ee8bf98a9,1
ecf96f9451d0acfa34f05a391b73ecb8,1
8aece1b15d8e922e3e77c50d2b6c1756,1
6491776020eb374c69c80b3d5184b97a,1
6036700ad7b3905e5765f90b6fb486d0,1
a0097122646b4c5ff8de96d593cc5de5,1
cd2c9539e32d1d60cef91a04ca5174fc,1
758ec9ccab816307c308fb596b998fd1,1
573a442c5d0d0891a22890bc19c54835,1
f3641361de13a2a2117287ba8fc78934,1
14d0cd6cb3e39f10bdc0e400d0ea79c3,1
361aa9c948b2181163012592ff724678,1
a5b9a7ff0d9d3627530e95b3a8ce1a3b,1
11001e9a591e8ff0ba5c8c3b5aed5027,1
d1736479ce2272b65d262c776a4cfa94,1
b0bfcf3442e8c6c8519f4bb76b679718,1
2a1de5633aa3e8b74544a6ff5c516fff,1
e3d6cc3234536c545e69eb18115b6ebf,1
6065c538495f8ab50433099149bf6f8b,1
262d871876f92e778bf3056a14274aa1,1
cf4fc664e650d7434b53c92030928a84,1
fa445a4934c4f9fb1c731df2808afc70,1
9a7571761aa335125fe9199b7ca54f7e,1
c5c531e46c7f11ad325ffed4c60c0771,1
ff1b954b6894e241fdf3da2d9e1be047,1
58dbb31af93baee4272b5e0356e4b12b,1
427cab2c5ce87cf879ccd676f4e36290,1
abff11a89c89fb7691f082137362668f,1
bf1e9ed85c15134fdb6c0c1971e2f4da,1
b3746c4a274181d2bcc315ab1f7aa87d,1
8a930dd0d2c13c9855e83723fc674eae,1
ce1dd77529d9fe0b6debd96ac09d0c50,1
77fc1a247cdf380463293ac294722678,1
ea2566ecb822a650683c45f00779a885,1
0f5231ba8bb46d4ebbad7b8e20842f1e,1
20ea8295362948fc1f3cf704a4957045,1
cb29c03e1659060b0c1618670f847300,1
489322f6fa74389df596296e62826ee0,1
18e58002618c7b334088114e4d59f4c1,1
e4f3e40e103349c131887e534a311c63,1
10afff8cf9de7705e86bd66ce83285d3,1
e86e1cad9385e5b1e03412a855c8c1d4,1
14487942a85a2bb9d12374a58970863f,1
e3e21c5cd7f25921dfe9713f02ebcd9e,1
18e572e30b76f816b50df9dd192332c5,1
881083cd2c5fd5596e863b4073090ba9,1
a1501f7402e1b9f8388bf6f24d6dcfb6,1
abd5f26ea1d81e10d483742ef927bedf,1
d3000c441a59810618b512bbcecf7f15,1
e25497dc27ecb7196020b8e9cfdd357a,1
17257e81a344982579af1ae6415a7b8c,1
8a43457f8698f61e12cc5b91de2eec97,1
db335b4bc51b01b8f0766bb7092d433b,1
bbbc2dd37f2c9a36f393493b152d7bda,1
fe1374bb458271ace44c1761bb33498d,1
7def188fcbadd96c06a79c7393b9f455,1
c7cb17c01fc3fc9ae8ec0df21931fa8a,1
f290209b7acc0a4d800887ebd959b5b2,1
6000db4c19f0ab158c1b1bf5b06ce151,1
a456c4050e08099ba862bef8ae5dc8de,1
82a232ebc109cd625e09e3d8399d416a,1
efacd4bb5ad0b7e47dc9f2f2f6f843a5,1
2ea5da7d3b714c1280692aa647f8265f,1
850d1ef8c953d71d1271132d4762d1e4,1
50761032e5df1271ce026aa059cd7a7d,1
0cce7201fd8918719b05ad987a67f0f4,1
4d1478a00e030597714288b8c45e0a69,1
a0ecef865257021aac07769ff6fc5af0,1
262e7707a161061c2b75c75215c2c4a9,1
5e9994bc0b05dde5a09c497c26117e0f,1
26d5447471b153a06d99e6e535f0fb12,1
c16d4d28becb103e1462992215ed86f1,1
6726d016b0710bed3e7a74387635e52a,1
9a3e1976eab69e9a9c21ade79a7a5391,1
2a822afd087f6001d3a645686ff08389,1
e6d133165d4a7f7d87a54615bd7456a6,1
3350f342187a513cfe28119c59dc9038,1
512c18c25819a658891d9bbd1d83eca7,1
ee79387604fa9c45a8d00d99cfcc3f31,1
9742f37f8f4e95c8e7a1e6a18864f89b,1
f8775ceff3996fc24ee06be2d8c3cf13,1
aac008a8a3d96b085e9ca74780adeccd,1
01f0af9feb9743b12b8d06013628c7f3,1
543ee36192294a808557f4e8a4eef37e,1
84ff714c631063991c2c9d969754f47a,1
dcaa41251b628ce35d72eb4071166c5a,1
cb8f68e75a1dc196c58d28a791e9e5ed,1
13e2438edf5649f029f36c2828eb34e6,1
8f704e7044b2b6687788d22057e0bd90,1
15fd459bc66aa8401543d8f4d1d80d97,1
9c07d2c38d75f77946540d5b01ea33e3,1
9f4e3847f075d1e7e21141658ade4837,1
983fb3fe0a3e1a4599cafa430db12eaf,1
f56488186fa72190ce03c065f62d231d,1
ca6ed0d8e65b6778be66f3105333a867,1
09ac42821c22a4ef6866c6740ffbd50d,1
9a938fd95420ec50b03158cf82602653,1
bb53c9cc38fe315d31ecd6251f4b4705,1
63a6564fb910b2e4180bb0b6b6ac8169,1
240f9147fff7024bc478f751a639e4eb,1
9bdb66c327651ec708e55f7aeec5b9e9,1
af3590fba1a9790d3cbb129412e48450,1
e6809eca1d5565e027c44a1aa7c13d6f,1
5195670748216dd85fe16c4b278c2db4,1
b28f860ded4803a92ca582b8e28456ee,1
6ba876b4833ddf01eeca2d45fa82aa25,1
310b3b4c1e4aeefae1a8eb83c9f5eb57,1
09c0c67e582c76ec416f19ddd460fe11,1
f9915a71fed113978ef38aca492f4753,1
8dcab9f9f897482792f3b5e18632a67a,1
ec306bb772b14a3a589c6d161af4ef11,1
fbf5467ee05eab2e6905dd282eec4783,1
9689a1f491ca02449eff1d9d50003131,1
3b8a614226a953a8cd9526fca6fe9ba5,1
7715feedff8380392d35cfa6619d1ba0,1
2e254f1a82abc47505bcd54e26a1571e,1
3def184ad8f4755ff269862ea77393dd,1
04f36a52a99dc26b50d27926579f0812,1
7c28427460fac1b41d458fcd37ae841b,1
548b57cc0fd23358084548f3bbd9fdbc,1
443c29ee61dcc453872076a65ed08d1f,1
28fed90f00eff98b916db05908bbcc15,1
1c01a33333a73c917cd612c1bcea2013,1
1299e61425573ad727213dedd684a1b7,1
392b42593c88d9247a12bbe3564eb293,1
0c23d87f7ec0c8f09eb6cac7f84caeea,1
029d0f47a2d275a6f6253774712cddd9,1
9d03333181fb0f6bd495e8b157259880,1
d828d1407dd21e7b70c4877bcc1361e5,1
8798c6ecf11a9e60f91ed264896ed87c,1
a6f0eef498240fc633c90052eaabb845,1
b77e86ae51dd8eeeea066d846e7b4d50,1
b02ca42f690fd15bfdc4e3f21202bf1f,1
0d7b017a96f555c8fb6e141531ca84bb,1
93429dd9ba2ff21afcea31a1bb0f243a,1
818e158b302f88ba2031a946be59e701,1
0d01cbd086859a309c0bde3bfc884390,1
98edd4a1cdc461954d8cfbdbf777e92d,1
17c2f09147c91c2ddb2e80091772a319,1
82054797739059e5e0d8edfb419f5395,1
80e81abe7b658f6ec84620cf0fc90895,1
9c8f9728c5c3be5ef64f32ed3d49f02e,1
411893f37351cb0e3f230b2888c1565d,1
e250ffe1d188c93b552b7695b725cefb,1
c61c232c60e46e76e08aa7654c66a2b1,1
922fa573801c7f41855e353b1acf57d8,1
45f139ec1ba6f8b4091e3058c54ac7d8,1
f09ff5596cc5e7d8812fa8a3617127f7,1
e4e3c232ef92bb87d35f9ec2b5683765,1
ed3161e807a6b1ed9413818f74c621bb,1
94f2bea7eb6186bb607e796153b2c343,1
ae2308e6a29b8ed8d6cac3410fcf3191,1
9d0f5e7320af6e2da3390c1582c422d0,1
563c8eeea46544b665938db101505d62,1
67e91755751b124a5e752c5fdcaa3a48,1
26e4b0902f804db36bfc9012604a0850,1
cc1aa436277138f61cda703991069eaf,1
a745c550d169ca7c34c540e39ba9b0c7,1
5c355ec91b5c053947c156f1707eda66,1
c10f93a31d34d34b419ebb34a227d350,1
8db68080a49ab96ad68bb4cb4347d1cb,1
0a72388b0596ed10659ffd28bae2197e,1
177c38cac7b6e76fbd45e75ca332ed64,1
bcb3303a96a92dc38c12992941de7627,1
47b2b6a2825c6956b9904566fb5a9c14,1
0bec5dc1ac47e9ae8f36b27f5d12c6d0,1
4fc38c817ad161b2d0bdcb8dedf1d251,1
dbf3030fe1e0a9bbfc5ee68c92dd779a,1
373b4448293f5f8686cc4d3738c69491,1
5d2c4687b0d7b7e2a04fef00b016fefa,1
2556911a7b4750f1e9d706951a5d237f,1
efd96ed062314a7607130621ad106180,1
ac908cce58f29eeda662c98816e9a8b0,1
259f3fe4d8ccdf2b1e4b2da04a3af112,1
4b34be44b730f1716ab3a6e7f9abebf7,1
09b24ab01105a83cb502a3efa4092c66,1
5b2ac68d1eae7d35606daa3d4cc10017,1
9f3ad51cef578a065a1e5d47ce531f0c,1
bf6b284aaa81f092869227f9d360d23d,1
f901f334f3aa0c817d330befdbb29f41,1
307a3a54cf7ca4b5aba9de689520e3ce,1
a2bea3e5b96b17b8a5a40d7e393e0db0,1
3279e1d4c83720ed7e4b99f98b26feb1,1
c06c1ca18115f9ed1a4edaffe8d96eaf,1
755bb7ae5c2986740fd743debec196bf,1
657ded1a6f31462a705ebd953a371977,1
0c399decde7f0454230872ef9d76134f,1
0cc4cb598660e0a7f3a5679e218c0328,1
aaa70ed97012b01df467ba9a2617f9f4,1
436c0367c75532182cc693e6dc7014c6,1
549aebfbfa9735638a1fe2dee383f451,1
af693fccbbc3d9c4955cf578efe27409,1
ec8496e75c65732d2417951489663b0a,1
c2090a59ef75326e417aa822c18d5dc9,1
2d9e379cc2dd5a403af3d384daaf04ef,1
8d56d2eae33e59aae1475e5c0b430a56,1
a88a74d1bededb5bbc9f590a4b318c0a,1
78cba486049b9522d556899edb9f10bd,1
c4a6c603e3dfaf4e7ad76b4c9ee3231b,1
7f07ca326ce76cdde680e4b3d568bce8,1
0d3745e9a3c272ad069168df82321826,1
94c7644511a72fe86989f3c8b5d04665,1
d44b813d29c8ed62df0f34e152a88b9b,1
57ee8c8437fbf1f758c4b95823084e16,1
6e0a55c3f006ba348a32242ac3caa6dd,1
326e99e6c90039eb0994ec186d7d5144,1
2d369bfa5971ec94100abd30c5bacf85,1
1bc60ae30b1b4d516eed0a17a29580de,1
a8dbb2bec6ec3e82cef906b52cebbe7d,1
28f11dc273a275934eae3a3ae6ba7d15,1
8685583c2c50588291f26df879f784e5,1
5878a7ab84fb43402106c575658472fa,1
79f29d77bff1dbb07ff51f9701996140,1
d77afb03ad55f83cddd336b109f626fc,1
125694f4accb453b218bfe7ebebd0012,1
57e0ed22a5e72647c899d86831a70224,1
c4d40cfe69f00ac356717542db13b6d1,1
9c7b48880315f0eb7b3b891d06087ee9,1
e584c5ea759cf176b750f1a096f75c19,1
518423369081c55a35f1bacc766075ac,1
9e97aa5534d0b3290f319f8d00b46e02,1
5b6fa0946da5343f9fb8c6c000ef6cb4,1
219c0ef5eec34be5fe9888ee7921916e,1
996d0ffc2cb0445428046be9dd5a4407,1
e1c0394fa6ea9aea77290a0157804f5a,1
f380dc993945e6b2918485eb06fab573,1
cbb35954885076becb80ddc715b63713,1
38c4ae516e402040702619ee998cec44,1
fcf67f38a9659aab9cc2e6b7112ccc48,1
d484e668a85e16c71b3416ab0b1c5136,1
50e1456e5d78d328176654a5ef92e984,1
85741b76407565b1ec275a79c7d8dae8,1
eb19e0af88f04dd5cd33bc7ae13cb85f,1
b781849b620b1bf175f0312debdaaacb,1
4053e4891648aa5d0bd54fe6f4beb464,1
002356d41baf765092ce32821f41955c,1
84ac69eb4138b96eeb2242fea0d6d9b0,1
8dc6a1c7e0d4176c22bb8fb8d30da8af,1
a2d203c4cb3877206c557417b5483daa,1
f19d398c0f6bc3fcfd4d93768d1abc69,1
3a8b93e31ab847a3d810d1315ff9f0b3,1
f34185c4ca5d58e781d4f14173d41e5d,1
061573ca4ba2b0e068e0614d6d17ac3e,1
d986b0f0dd3548b85dc200eb47531239,1
008a5662b753ffc445804b6ff4bc40b5,1
9e57be5389ed6ba4e95ec7bdd5ff9f2f,1
30ac68cde1da10ead5f5bd7761c31005,1
51c1ef71af2471be592cb7c5162fd1f4,1
413f2dc2067072c4339624db3d9fa537,1
5dc76a5ad945593b5226d4efa4148c97,1
815bb8ab846463ea8fde2c39921cb91d,1
73e448a92390cf944541e08f778a32b1,1
a6a4992b2b2711f7522a28a3b07bc79d,1
ac1a2d113d34fd071f2a89b0fca4b941,1
3b24156ad560a696116454056bc88ab4,1
a2ab112d13c122eaee288c6920465fd2,1
f030d5810bb4c7e1ec1728cc13896fbe,1
941cc0238143c92d053bb9ce634765af,1
998ffd9fa65fa0c2ffc718a5bff10cdd,1
1fb48d7106acd9808f02c6d788bc0b49,1
09b1e68b2a74c430d2bf5865e46a5c05,1
d1d4caacf69c14dcebe01e1bcd378636,1
04a3c88814bbd5ce2a766291cf0e653d,1
d52c57353323ec773f6b73716025b2f9,1
b3ffa6a6f00e5687bc6744961592d839,1
1e51f241af6468d9f5b91ec06ac751d6,1
7205247d15e72379d2a75c5b2d5207af,1
9f4e66148938d7bd52ebc8e9bb9d4376,1
9e5085b1a8633688490ba0fe7fe2862f,1
0a90fb94a3e30fa3fac60a92fe6920f9,1
234b379bac3b5c59e32c09ceac9e7b44,1
050ec62c446273e467562e0f459ad1a3,1
bb91f126509dc8034ea9295c61886e09,1
fad792294e5633ead8bcb2ba367b02ac,1
25b3e592706143b3a74eb5a5f9ee81bf,1
8bac059738f4a4d5b5b733b5b391dafc,1
4a783756644602f0c176c8259a0de440,1
206fd863afae885f5326f0269b09a2fa,1
ab7a710458b8378b523e39143a6764d6,1
5b894e4dca302711c7c8fff045105f93,1
3a7c91fa040cbc2b8ca79ef129cf54f2,1
20ef119e812e178ecb44efa448b57ebc,1
1c1d4df596d01da60385f0bb17a4a9e0,1
69c20914a67376a130a4c8456a800ace,1
d7de8928eccb228c35356074272a076c,1
2050bbe2bd65a17154324197dd182605,1
ccf85d2c57674263581fda9ab442ff72,1
c1fcffd51eb7c38b7209a6106d66cc84,1
7c96efa121fb4714f51fabaf76f57895,1
2ab396ee156a4ad48993472f5b99ac2f,1
4d243b7a8a333353867b595662c51579,1
5929248ba0808a70ff09dc3257e6de21,1
1aabb3fa1280144bf946da37d00c05f1,1
cab0985b106e6fff314b56db2a61a158,1
5a837970c11b00124bcde5e78330717c,1
14e4b6578a1a6e2317ec2fbb88e9422d,1
07c65c451db7bfdac320ef16ddb9c377,1
bde7d92bcbeb331e562692fab4a109b5,1
2a17b08f13907b20800e4fc0ed6c29ad,1
571525fa3821c6dee67ad3f95a3503e9,1
74f97f3fb1242f86270fa883dcf7bc68,1
222220b6f39ccc467b457d0d2a9b57d2,1
885413fd28997e262cdbf6ad63fba091,1
46e231a94e7e4fde1c1cd14b275280cb,1
9083e11afe82745ded5ea807d4dfd2a0,1
b9b56efaceef4f675aab52fa0e1afe7a,1
bf4a2f44a518b0505bc83d49a6d00bfa,1
47ae6729689ab83d3f5de8a374157fb6,1
b37e849a611f489843ee39e5f82129e1,1
2e9a7f6dac40f1b33993edf5759f3902,1
d6e051bf653f19c95b4418047625027a,1
3f32622c2d3bbccf1b0c72cf098d9317,1
59f32f2215ba601429bef0f9a460e4d5,1
50302d37fe103e873872e02de2222608,1
abde1b0a2b40e207f848c40fb6b70fb8,1
53e96059b440343efff085f22a4790d4,1
b628e37c03795232aea0b0addf6a192c,1
ad02f9ff2a3e4b5251ee335816367cac,1
573d54fd56d85233a3e0805438c633db,1
f17d2ac48d6c382916ae888896149c1b,1
13b67864daf46c43389a90303eb536f3,1
71fdf5a510e366a67b8d105dca6075b9,1
c75364d8fb92789414842b912382fc18,1
094286d28a53df91b802365266623dc1,1
c440b825d785060b2171594cc3b5f2fe,1
acafa8c36c8586fd653247640b3e4887,1
740a6c46298447fa863c57b9be69c619,1
e59634a000234e0a9d640b08417cf8a8,1
ed55b7d43b757652c3e78498fcba8a7c,1
906cc0b4cad0f21acfaa32f06e7825e7,1
afbd5f8942054d76e2e7e76dafe30a38,1
a28718be3fc54ce3fb9b5960804625ee,1
4151a078228a282172510bed72cc865e,1
d0bd0905d6db2e0c983db46544f44a63,1
680c2259f747bffc36b4737ea25525ad,1
b29220d03ede9bf888438e83ec65ec9c,1
2f9b1d6efcd75903359cea9071c6ee0d,1
0890be2666b3a87abf4940eb93d1c068,1
537299fc443cafc8b451694994eb16cf,1
3fdcef56916e4aad8ffa3cb5f045f6c3,1
038b1e0ebff21e2656e4ad3a06918b67,1
23080a9ed872d0467f10472b078aea95,1
e998fee728c8fea4355a482477bfe867,1
ee06ed1e0e39ece1a1ea61ab0736626c,1
deda934e697cb5fc976b02939bd59af7,1
708649c11ea2fafcf616270e8c3d99db,1
9778d5d219c5080b9a6a17bef029331c,1
362f4a818813e01d39abe1533303728e,1
21d632fefd0b8334c3c7d1fee4a367ac,1
e238acb6e0808abcab3945bed1997d27,1
2adae2440480dc56a3f13b88b4248b0b,1
8015446eef21789a80a77bb193b968f7,1
f7a35f8b965053c8f8cd97eb7a323ce8,1
845c7c61607bc9bea442435bdf149b84,1
0a1f4059fb26827b685eefba44d41367,1
0463b3c9e5aa93dfa8e382835bc1d6b7,1
898683e47f47abdae305ac5946a2c204,1
c3c27174685b6a638ff9b7e941fa20ba,1
f2b2152fdffe4c3d109e735c07f4aecb,1
ff1907fc67f9d20b496ef7d431fdae8e,1
816efc92fb97ddc416409eff378fd957,1
e3292dfee5a8a3b9ddfd269fcf13ba7e,1
79b6b63a5b551227b0f1e1027551673a,1
8dd70b4acd499d6f272335c04318d7e3,1
fdcc4c23cac704c5150815c70acc2165,1
33926fff70f298803fb9e5c9a1f8e867,1
6b717a62c54c73f8dd995ccd317311b6,1
d72d58d5eb742a92ed463e9cdc449df8,1
cae2d9a55977a7e16440e04fc16c4317,1
214aeb037c66b77bf8a02d81bbf280e6,1
9394c6ed1ec8c51660a7d65fcec5ac98,1
f3f645b7ff4ab1eb62f95d77f63e7d43,1
6e76443874810a601b542e441273bb90,1
7c9d0b1f96aebd7b5eca8c3edaa19ebb,1
b8b06cfec9f532f1105ace6ecdc0a97f,1
90178e43fb67b940176e64137a2f2848,1
beb9e753c13abd4fa5a1c8a4be303164,1
a1f32ea27a55e78b099d3fef70548e0b,1
05e6c01912a662e8ef8f4c50b005c7cd,1
7d9dd72da5ad2c5095c9de8019da3668,1
2f531d83d651a57b3c75b7a6f5932b8a,1
098d86c982354a96556bd861823ebfbd,1
f591a686ac5536f48afce84e011e8003,1
8215edf1810c97091f67c4d147377ce1,1
b9c3c00fb907e96e0ce8380ce80cfbde,1
49836226486a17e6d58e76ee12a93ad0,1
4f61e8c7f5a0ff01e9272f14f4fdccfd,1
1f9114f64b085df44c66f661d2163223,1
3b1126b39a0dcf2a81bfc65e3f854cae,1
8ab6f64e8cb270cc2ae2eef0ceca5eb1,1
78fe4c1a08cc4fa28098f6826167ac30,1
892ad1e93a41fffdaed87c16c066bc14,1
1d7e85f11cce75184276f177969b666f,1
061198543469adec54217b823be0834e,1
467fc60274ae2cefade0487f255c3f5d,1
8ba93da0f1893785e7d739e76f171194,1
e971d1ecadb3adca4a92885104a29fa5,1
b4082168a8a06da8f2145d030215e871,1
045710c0527a7392627bc190fb61d340,1
6df84b244d96e20789e68505f5073fe7,1
b996a0e1fdc6b97213e9eff99efe7737,1
0163178a9f3d4afbac29975e88756c58,1
00a789ec2196781c9e006f89b2f70422,1
7155b5aa4bffa4c9491847e3ac8a76a1,1
cc1620de50a8dfdf8bccb1a83944a420,1
52ce9d641ce63f354c83a43f373d75a6,1
cd12c4e57fe6636de8e6972970892601,1
87855c819e16ed03497cb8a7d9bb7cfd,1
b542d46a18de3fb638544d232a257797,1
51e6cbb3c5f1d31576878ba8a214548b,1
823be06aae22bb2753a8f94ba165f25d,1
0c788e3b941065eae3ccfb0e4e633cf8,1
a83920825ddb103f55e145d01d98648b,1
dfedab840ac72ad1c39798ce6fa10c8f,1
e4cc97f2e4e13413cfac92a367f7a339,1
4b86ba2272f81e93324e3144a34303a8,1
4f13ee222893cc7cd2f5abede5b96add,1
8c3c895efa2013fab87cf448cfa0bb6e,1
4ffc5030bd20f0fdbdde34ce428d2992,1
8c7d166c424db6255a84a4d31f612e11,1
68fc266c3090819707d3c4c6cdcc1ed5,1
d8ce25705f8355e4fa96da10b0d0fede,1
90eb2fbada92fb9eea3b68eaa8de9bcb,1
2d5d82230c7de9760149414d3bee63ad,1
4f7957bb741024b27d610de72ac27e66,1
b611eacaf394176f59fc1d40688211fd,1
1741b2860f1b0ff0b36a8594f7eda6e3,1
1e85f8c3089dd7f8f9ea5da9f27d1c3c,1
83b69ac20f6a854b9545b9d9d63b2b35,1
36b8b036919976c15144c931e52cc1f3,1
e0b4b5a8eeea83f259b59b5df149d1f0,1
b0b83f32af01743f66e0a6fe49981973,1
764a02c54ea85d6e3a3627ec540c590c,1
664a4f7e051f744766b8f9f9a0b5a3e4,1
5652013567276dd122dfcc5a4416ae61,1
46256a0284a39237cd4364fbf7a1c4a9,1
39dc8eb141945bcf8b8dbb5d409610f2,1
5494c49f2ee7aa96c88cb926870425e2,1
24a12be17691e0e4aef6ef1a2e200978,1
e0b876c169c86228d5dac179a4334d50,1
777e16de73464ee3b4d33fc266d339a0,1
34055cb43d9749bb996fddc4e5bc165a,1
fa74074444064accb0939bb42e5bb6be,1
62cb9bc81034f3db380964cb9bc759aa,1
5828f094d346cd7d6c19b17340230c10,1
f296ea283a552aec2bd49ec867dde89d,1
8f1719ad0bcf31eae50f996ae9f2ec49,1
8c04147fe3e8c2479bc2750bcdd23341,1
5ed751adff79882558a9c5a3daa3c84c,1
64b715f597c214aef6fd6b5eb94ca1e8,1
af34281afdf6a06e8b202b4e03c383c0,1
3d43a69f24c83e527b393015825e33aa,1
733dce9bbbadb8ae7dd4a6039ab5fb20,1
8bedc359c32f98f2c3df431f62f2b091,1
f045f8224bcfc251170c8fac1833b6f5,1
87c7574c5d15873bb3e824068262daa6,1
b55ce90782bea38eafbcb8b09e8786f9,1
8cd3c48a0ab3196ed87a42d45b4d33b8,1
604d335922e8fd09480ad43dc74ec72b,1
0fda3dd24f054a915aa9977ef806432a,1
073eb203bafb3816a051d089aae08143,1
762fea2c37f77a042cbd391f7bab4830,1
5b826902df87dd1a8b2d276046e397ff,1
62d6268c79e8641d731fcf72ef8b35b9,1
f7736b00fc93c072c2c944fdc8e8aab6,1
1665f56cfa4273893273cf3f07c8b440,1
a3c42128804a5cba4aca9e6f48dc711b,1
a3da8fe96dd56878fd3fcc5406e6b35a,1
7dc3fd096780eacfdd93fe9641c64491,1
217c4604517f1d676739951b24e5e46d,1
82d64ce2f54e73301a36d46615e49d93,1
90518160facc72e03963b0f4a30a8eea,1
a62e8e241fee0f9777f50c4ad56f03bc,1
d54e99a6c03704e95e6965532dec148b,1
ab354f256d600d8701d9bf7b3318f55a,1
cd039eaa133858971aaeaac42a0ed28a,1
753069c8736ffb846092c34a6e54966f,1
d2ad6ee4440910efe24399f664c4bb11,1
4cae81c146db47f97911464ecd96fbe0,1
0d3de54fd415926638e7f13722680458,1
cb248da549053aec3ddeef6a3ff6a667,1
256c155f8ef1e2a00208c2be9344e0d0,1
b14573b9273c38ba0f89bb63abc87973,1
e66201a4b335d7224cbd43ad21f4c43f,1
d4c4295d703f0d8cd7de95d36bcac110,1
9478a3b77ef86fadd3459c547fe73785,1
25727b94460fcb9afbc8c06291974880,1
4064df272f25e26625f3cc5974327e6c,1
a441798ea9d522ac11be43d325585cef,1
254e8ff1a9f10906d43236d983c197db,1
1a1b3ff08197b580fe6851ab7e2df9ad,1
54599facfae270ff6ed790c431c019e5,1
678eaa51a2308b72b2f2fc34517dcd07,1
649e8eead0f3a9cf7f96fc7d7918881a,1
9558a7eac7454205d54f1301cf4016dd,1
58dbfb2dd98a13a1553da2911c23409e,1
190f40d9f3305b84a9919aad23e26ff1,1
00373be7ffcf3e6111e9a862cccd24ed,1
68e6bdf618bddc6a392ab0465c3abab4,1
7b8569685fbc96cfb31a68366973790a,1
9f6c31a0af9af9fad790f19de84e25e3,1
f313ca65994c2496467d3bfc6de5210c,1
68e306b05dbd85e2d0aeb967977b64f7,1
1eaa2fd30202bfade7c10fd194a83c22,1
31de789a95e08f484cc0de84e6b40179,1
6c430a2070df7ddd289d5bbc2a87ba7f,1
cbf81a546a15e7688c0c494928f09af1,1
d3b00abaa01dcd0be8f2c74a9f8ff2f9,1
0fb3018db2de3f8e1ad2bd8c8596faad,1
e5e4185d3e7591535fe7f1515adbd215,1
2e29f6ee0365a1a856c42caa19492a51,1
855069bb71cd6f6a49cbbd27f89605e3,1
0ce9a5a4907c98f0f10788e9ed44d751,1
c63d26e813afe8bddb80c9d597cad1e2,1
103eb0d0631a664ff9ecba9b9a8a8dc9,1
4df77bc97ba0319416212b3ff6f3c6da,1
3e7b64edbe69d6471ae55cde366fc9dd,1
1641de928c4b7baf7a473525c190c328,1
2f4ec56895f49a611a84ea16818099b2,1
c2e06e9a80370952f6ec5463c77cbace,1
c5cb1c75d88df853da3ffcf68737cefd,1
d2d2988020f714c6e16939a1da69efc6,1
b1877416753730bf13290a6b69a419bf,1
adb1b5672b74215773b5c1812cdbf007,1
6602386a04c95d8e5a1699fdc175077e,1
856b1c61e1df2563073e2e1a783e59dd,1
b1859d5d0fe1c800fe7179933c7d5e91,1
27461456c4fd0be03aaa9d63ba6f1107,1
5d87e9698c65b1f77c7b4bcf85c97e62,1
b19356f10dadd87ef91e7707012622b0,1
e530de1d234c547c027a7d2ed8656b08,1
3524d7b844b41acd33e36645163c49f5,1
1e1ee63754ce286c8111cf6ae4a7dd3a,1
3840a70aab7a1eb95a21b284449a5184,1
6213f224e6840db85c649b1a7d59e3f4,1
19d67b55ffd949f06d5c8ab934ed111b,1
0cfbab76cedab216e8b3dca9fe7bb032,1
b147bd07b59bf6b845e2e4238bc73dbb,1
4cf74f094d50e52c41911ca622abe608,1
09af47a7f150ce8803a3211fa8375fe0,1
6bd2ab1de93563ccc2ac555b8f1808de,1
cbe56a5876c01795ca74aa63b00c7ac5,1
6981ce471a5504ca547dcdb41c5207b8,1
299ae345f2e5d0ce2229e4668766a7fd,1
54825ea1b73143c2ca0f305359cb0b8b,1
8c350eb0172c23cfe3c873c738ddad06,1
109541b4f38777bbff62d99861defbc3,1
2389ceb16e2cc3941618a5f9055840d0,1
fb300fd6dd7e56d40edc94b3ee03fd5d,1
076ccd93ad68be51f23707988e934906,1
80727d6240a3cb24bb269bb157bd0c3e,1
1491f133d62f6fc35da5574ec08998eb,1
be7459c5ae1f843bc8ec135f3dbf22dd,1
f84957651ca3fc3e7aec56adcdcf0f2d,1
bbb8ce1330ba9f1531b077125d96d07c,1
48d7238276956e41331ed5b0f4ca3b40,1
df708c10b0e8265fe0a8fa95906f7a61,1
854238e14703b35a86fb5dd67fac23bb,1
b4812a489c397f0e7e4fd8d2823d24b7,1
5858e380bd7ca45dc12e7ae8476cb14a,1
a2a383f5b256b3560e4f1ed2a4165620,1
adf9085ddb00e8db4045d8a622a29fde,1
63acc23c140abe2ea294302f4cc33cc1,1
6551669e5e56000819757922aab0d82f,1
6c48b3fdc1253bede0d3af5c78e63568,1
7f3502afb4b64c52956ee0894e4f449e,1
2f9f31da58f4da307d67183c70ff47e6,1
d7cba5426f2a8de74d0ec4f02f101cd6,1
5dc37e54b10d7d7b6094dc4ed25be3c3,1
43ece455dc9ffcb3046b2f7136658472,1
c0eafb14798c69886ae22ff9be8f0706,1
80f6ae3cfffeb1ec2d2c23a468428736,1
a277dc67d9b240e85d4a2bac6490f494,1
9ef5c739ca6d427e3d1912532305a9c4,1
0a7083921d7bf5f05ebc635f84e5dac4,1
c86628088bf0008b4eb283ff62d1b077,1
8929c9ddfd3b40762ce63d1ce53285f8,1
9cf4ec561599eaa63879fb29d1fbe40c,1
fb14d37a9780bcfa4c16ffb993a49dd8,1
71e9b32ea3fd31d071f9ab28766b6669,1
f02502b4e8e93acfa67b9c3bfb928866,1
c5c5f2bf9bbd75d39edd32c851685c5f,1
342e40bf443d07593920e0c3cd0cc0fe,1
7ff8573836d2916251e8ce0ccddf7781,1
80c51e999ee79e448a700df7329b11e2,1
9f3ad7a14cd3d1cf5d73e8ec7205e7f1,1
27da5dd2d64c730ab14e5f60244a8b16,1
b3f2784f11449ba054835ce14db00d76,1
3a09e8a5ff91676ed3d4d36e83a7cedd,1
5f3d6456df2bfb79de607ec172113745,1
9b2df4337c8af33a490f09d4f474eb98,1
cdce5ccb444c70fe8deb98e31bffa6bc,1
6971b427b578f1d82ea6fa6a08e1d08a,1
74be9debb90e66ec3d2a531946cd73d0,1
1f2d197bf512c5c603a009a95b819bb6,1
54791fd83189ce736436799ce61faf6d,1
ea1215ea6a7ce50f3148ce8c141697eb,1
202585b93288a2a01b6a24870391a9a5,1
14fbba3ad45a8bd72cc060f4428f1258,1
2d16ad1968844a4300e9a490588ff9f8,1
22e88798f7fce0add61dac1bb47a3567,1
6ee602c08b7478cca914ce0d0a89be57,1
06991180b034e173848f94c8c74f4893,1
4a3234f61807da1827ef235b5c5f1840,1
6260cc101c3264696184c90cc0a57b5a,1
e087676573a608a2753af86937cb06be,1
69dbdf04100e6870c7400ef24696d7ba,1
c795b45789b780d10e23e53f6cab8b8b,1
941044f1bc2ae8697bbbe9573c5bedd7,1
583ff54e051b7eafd0533bd46ecbb489,1
2fd226dc02ca973984a7f48eaea3ffcc,1
e6ceaf97d40e05f37f0386b679f50936,1
48dd29ab0bd36299ee042a07613e279e,1
823daea78d4603e9a8ccd4d1cb7b57ec,1
e3afb9517af88e4b04abe3f8b30e2901,1
c6607220154ca8e598fd8092119f7b0e,1
1a6401c40adf892607787979b62e2fc1,1
852b4d9fbcdb06feb4f7d1314efa350d,1
29f8ecd878a1d6dd8a26be3198c38a1b,1
f690ee7d97b44f091da76db96bf81bad,1
6066e75c002f09ce9147202c28d3c976,1
9f8c3546a4f74beb6976ff745c39384a,1
9356546cf2f1662b2178c74a55b5592a,1
aa6ea148eac4e2d6d7dd13cded6604e1,1
340ad72ecfbc9c6978cf0ab6c3f287b1,1
4a340a681f21af0525010627a90a819e,1
506562eec14bdbe0089eb547e8431a97,1
2df876935f8f07178b3b403a1b34a0cb,1
ec5332feae31e7771ac9862ab909b8f5,1
84400bff12f5e094d8281a692cbd7409,1
dd4850c37ab93695eee67508960bde39,1
dda862f10fd38c66b3a29df6e276abdd,1
b56a2898e52bb8d5bba9a30cead81cfd,1
1e15b8fba7dd5983a4ae71140aa1b20c,1
6b4c8489cc73275bcf8947d81df27460,1
5b9b130bb6cc5c1f90f349396625c12b,1
954e29b211f4f2b30be35f204aec24c0,1
35adebc13b11a6569acd254fade572dd,1
ca63df6aff59b9838a3b727ab5532cc1,1
48b8b2127099d0c58c7c0955c5b8d051,1
f0935e4cd5920aa6c7c996a5ee53a70f,1
465636eb4a7ff4b267f3b765d07a02da,1
ac7ae89ce29f963e2cdd432307b51ea0,1
d81876a513e44ccbc89bc59cbcb764c9,1
ea7c10f721379b1d14d5764468e77b64,1
a28b14bb37598b439ad3df52d225cff9,1
ae70a8a1085d5a757114f57c87682b4f,1
b812510ad0bba39071d88f559c1afc3e,1
0aa46a880468fd3a20adb120b2392963,1
7ecdf814fd12a1d3ad3e4ecb73d5c0a6,1
1b5a312f682841d72458f0ebd2b34427,1
9dc46f814d2cb5d3ef988bf5a1ee9b13,1
eb93eb7cd4214627cd26d8e7968a1e76,1
e2f8878a9018464d0e6c32e6c5f755f1,1
e9ee5832d7ec87d8020bcd351c621a68,1
a855c858f58e49036ea987a7d31eb514,1
3fa48a8ab3bf3332e99ed0d4467d525e,1
6b808e1ab518b7b7919c79ae69e984c4,1
f7faa54b9a1a92c88f905c7e5a78b97f,1
ee22eb1b2fbd80f6898fd118369e005c,1
e8964883849c712e07d6678c42643499,1
fd6c5245ab0790a23726ce6b7b56cc57,1
b87ab5737533e7b1d372dbd7b598d031,1
83b87a84ea2340caa3d87df9fcd9b7c7,1
4b35795b5c36eccd60e46c0099be0cc2,1
e724c1ac2878dd102d429bc13f591334,1
caac0be5b3e3924d70f240e8e0b2e0af,1
b5099f91211083dec507305e1ef26c58,1
0ce5ee65616277a926f11e9007cefaf4,1
6465e524571ed7a1aab237fdb1c01cf7,1
b79ab059cc9c517167550725bb7800f6,1
36246772ad4f40eb024c0bb6287ba3cf,1
bd15ab5c639034e9ec242eab5e1f9f5d,1
3e04ac0bac3c33b0c673e853f20bd358,1
fc89d0134d232a949e44ecf1dd4e69fd,1
ed8a263eb80d4e40c75eb42b3a0eccd3,1
5f83561cac296f18d5b2b7290ea3a3f5,1
0e474a52707c0bbee44c5ecf340737dc,1
908a2217aea08878678b1bf46f986d9e,1
2ba3910cbd76e004fa653e821b0680a1,1
70256aa67d0164c9672780ece73b599e,1
8572f22b5b0506a533ffd5ba9c9b551f,1
93f12817ca640e6c5b76f8b568ea01d9,1
93cdf48e7102fb85fdef006ccc6bdd87,1
1387f13e4c7084d1e35b219ee37cf127,1
05f74858403751228c5cd3e1d6275122,1
d0e848abd59c8ee5466b27a193aca125,1
dfb9a26a22e4ef9d38e88581f444e40e,1
288d5894e00558d8740ae9765815f36a,1
7e2adc2fdeeee2e1c8d33b98e07abd5a,1
66ea43d08267e4938e99d18535f8121e,1
0646d611f3fc89fcd85f0ce210e80872,1
7e1b13a8a1b654951a6a8e9bc42f811d,1
cbb01bc75a1ad399dd33d78aa985a133,1
f9820e6d518cb531a05ee1793349eeb8,1
3870fda57fe7a31c18e6585697d6a032,1
9403e662758e9b652545abb18ea17bae,1
e5abb4de63c2c1577a3a33dbe16c7d46,1
21a9159924307d2b42de7375572f4194,1
d98d306940fcc48a9c5bc224ecb9a874,1
3d0da1c45b26596213ce13098433ef62,1
3d6fed0d50b56d260f2d73d6f09393b6,1
b1af35f743011cb97485dc5e09c84b23,1
d5a8e659f9f3acee1ed845983f5fcb96,1
0706e92baca0265627ab7f2bac504129,1
2982163f83b62af19886250818780a3f,1
bc8570c13ac7bc616170d3054d3d53a0,1
73c941a738c29cc58e85177bcc6905fd,1
eebb09cbee53f634d50d89b164183e6e,1
5a59425457706f69aebcdac39b80185d,1
9d64fbef9465168b0a3dba1b81eb13e3,1
214ab636f769557c4f8f2f3b1791ebc0,1
f6f1daf05f7e41f29ede183a51963db1,1
3875115bacc48cca24ac51ee4b0e7975,1
1087bf08f2fff06697a788fbbfcd8051,1
45012e4d2d42c232d4d284754e19d9cf,1
2553534f4fc1bb5bbb11ea7180f7b7da,1
16562bf8e014d6bfbfb3d4dbb838ed64,1
301daccbe0d5c46ca6a0ca7b771582c4,1
bf3419e635475443eb46a0f8c47cf7b2,1
f03cfade81b15623f29e914f448135b7,1
eedc6ed006e6f49a7010013cc1fd8a3f,1
00016ce8de4934b8fd5fd7e12f3cd0a9,1
44ded1abb9b6fcba58bc714ece8f8a3c,1
66af4e648093bb758713eed28b66f059,1
d0f5b1b63f8dfcc3facb051f612c1282,1
cdd1af697ed831abef908fbf00a3bb1c,1
13236f0eb31e7456bc68c79407e57685,1
091eb35542c0c837c857cfee33342bbf,1
ee37a4a72885f74bb47a1c621c7286f6,1
f316e3fe33f1f754851712c760ab9d48,1
39027dfad5138c9ca0c474d71db915c3,1
636773f95bae7c52ab8c1f06711eaa86,1
f9d59d73731cba48d30b86e4b985941e,1
d73588d649d3c6c80fe4f7c685d4f643,1
7487a38fee24fd488b8f28796aa5e748,1
311da43af5a60e0a384f3ccca8dc66c2,1
4c7dfa9f5618d241a89658eee35b129e,1
fbefef13a504d4dfc7ea10466a1b8616,1
3fe89afd10fe28f02efde3670e20da4a,1
3dc96d26d793fd36c226317a3ac55383,1
24aaae43b237658001eb8122df7f145c,1
afa9a6e0326c3ba8059be13bc259118c,1
2119f90d069f9c2ca14011e4e6bbe39c,1
0609154fa35b3194026346c9cac2a248,1
216fbb60e7bc8952cfc36f5ce93cb6b9,1
222b5e96a3375989c14bd43ea655977a,1
7d6a3e48ef8124fb1ba8497a36f09ffd,1
fa3a2efefdd8d7d1582a9d5320c408aa,1
4bbfda821a9464a92fe0d1ec341063db,1
61bea29d7d869ad94bb1c8215bfbe3fb,1
666706c10eb47168148befac98023d14,1
cfce49be6271057704398411fe3baf1d,1
ce1bb47c951741288ef74c212fc5e819,1
53e6d57fd8bc73a43a69fd65750b1bfb,1
ab71c85055231e2af3f622c6307bf387,1
37e6dff611e1e5c1a5d06640dd61276c,1
fa11f3250f2e57c68c7c6e3d68e7a3e5,1
7aaa219a240b67ced25d68174877d5f8,1
37b13dc4289be095a3631f06526b1777,1
c086ee8a84b9e1f86aff4f1bf3db9dfc,1
d7f39385a7dbce959d061d4f5316f791,1
698bd5006f01dccc82e045053a5fcd56,1
9c7197e9602c7d2f793aee2df8af13da,1
5f3562555cc2b996faad2cf3ad617e1c,1
9a791688d0bfca949831e2dc0655b3d3,1
dbfcad697dd9b41fa5fe6a10d2258a8c,1
7bb56367a6d63b6c6174b92eb0f8d929,1
00b640cededd50621832660be6e5dcec,1
30f28e217c265bce217e117612bfdca4,1
15dc3404fa6ff1938290494c789d9a4c,1
fc4433c187e88542b3eb71a7fd23a1f9,1
0fd163b6ab9c4f8baeb7cf7f66c9ee8c,1
e13aa97bdc8a57124ec978023dc91bb4,1
98023c2e8cffefa583a14bbb5716ce8f,1
9d72b0d1b177cfedd41b31f6370e04c4,1
8d3e77379abe10ab45c3ba57296bb874,1
ed426630ac2daf03ee393d68a1aa2cc5,1
e7308d3f1c68503c7b5247a10d8a2afe,1
b879015b661cebe84f77b30481446698,1
af7acde6b2a8b1f4548306e489d1ccea,1
f3f3f7463a988becf3795f8906321512,1
d4e2e2df2f12bbaba3507d3cadaf0ec8,1
960fa3f2660d4089b1e5f6c7eee2bf95,1
3175c4e992565b75ba25c2694a2e41f9,1
73a8d8b90eccd88193236de67c09e4ef,1
8385478b5f6e3971728fe1df5a6e70e9,1
1d60778e8589fd0f7016a02f4aa1dc3d,1
b232e66b0948bd2f102248233ac9504d,1
0e2de525d414b54197c6b1a701f66329,1
473bba5ae41a469ce3ea11a045b954c5,1
ede35ce0f011c28f498ea214fa6b898f,1
ca5d7beef69976fa73189cccb8b2b074,1
54d0d83a909e1560e6213c5ed659a24f,1
fecb68d00069d31ae0799a7a7367135c,1
578fd465efab5efbf159d8ee6473f021,1
36ab66c31480851a2cb2c096a404fc6f,1
d401d9564e69f4bd38e86c87a7c518ce,1
8b1154b0040c183c84871ae97624c0b1,1
226ec3741c1494bddbe05060dfafbf7a,1
a72289f576f842faa9ea2836b59a4577,1
55f165224f650fda5439b4b1ba98f034,1
e797155d08808973ed29072ead3ff489,1
ffc58105bf6f8a91aba0fa2d99e6f106,1
8d654887f2cbab8cd281141bdcef5882,1
a10e9d1ffd48f2141b1bb4a9a3128fe2,1
35694947f8887d060984818b5706bcb4,1
20ba7f85c05c5e5b75abced9ece67ac9,1
79036ba9d20412b4809a31bd03fd6312,1
